<?xml version="1.0" encoding="UTF-8"?>
<root>
  <item name="com.google.android.exoplayer2.drm.DefaultDrmSessionManager int getState()">
    <annotation name="android.support.annotation.IntDef">
      <val name="value" val="{com.google.android.exoplayer2.drm.DrmSession.STATE_RELEASED, com.google.android.exoplayer2.drm.DrmSession.STATE_ERROR, com.google.android.exoplayer2.drm.DrmSession.STATE_OPENING, com.google.android.exoplayer2.drm.DrmSession.STATE_OPENED, com.google.android.exoplayer2.drm.DrmSession.STATE_OPENED_WITH_KEYS}" />
    </annotation>
  </item>
  <item name="com.google.android.exoplayer2.drm.DefaultDrmSessionManager state">
    <annotation name="android.support.annotation.IntDef">
      <val name="value" val="{com.google.android.exoplayer2.drm.DrmSession.STATE_RELEASED, com.google.android.exoplayer2.drm.DrmSession.STATE_ERROR, com.google.android.exoplayer2.drm.DrmSession.STATE_OPENING, com.google.android.exoplayer2.drm.DrmSession.STATE_OPENED, com.google.android.exoplayer2.drm.DrmSession.STATE_OPENED_WITH_KEYS}" />
    </annotation>
  </item>
  <item name="com.google.android.exoplayer2.drm.DefaultDrmSessionManager void setMode(int, byte[]) 0">
    <annotation name="android.support.annotation.IntDef">
      <val name="value" val="{com.google.android.exoplayer2.drm.DefaultDrmSessionManager.MODE_PLAYBACK, com.google.android.exoplayer2.drm.DefaultDrmSessionManager.MODE_QUERY, com.google.android.exoplayer2.drm.DefaultDrmSessionManager.MODE_DOWNLOAD, com.google.android.exoplayer2.drm.DefaultDrmSessionManager.MODE_RELEASE}" />
    </annotation>
  </item>
  <item name="com.google.android.exoplayer2.drm.DefaultDrmSessionManager.Mode">
    <annotation name="android.support.annotation.IntDef">
      <val name="value" val="{com.google.android.exoplayer2.drm.DefaultDrmSessionManager.MODE_PLAYBACK, com.google.android.exoplayer2.drm.DefaultDrmSessionManager.MODE_QUERY, com.google.android.exoplayer2.drm.DefaultDrmSessionManager.MODE_DOWNLOAD, com.google.android.exoplayer2.drm.DefaultDrmSessionManager.MODE_RELEASE}" />
    </annotation>
  </item>
  <item name="com.google.android.exoplayer2.drm.DrmSession int getState()">
    <annotation name="android.support.annotation.IntDef">
      <val name="value" val="{com.google.android.exoplayer2.drm.DrmSession.STATE_RELEASED, com.google.android.exoplayer2.drm.DrmSession.STATE_ERROR, com.google.android.exoplayer2.drm.DrmSession.STATE_OPENING, com.google.android.exoplayer2.drm.DrmSession.STATE_OPENED, com.google.android.exoplayer2.drm.DrmSession.STATE_OPENED_WITH_KEYS}" />
    </annotation>
  </item>
  <item name="com.google.android.exoplayer2.drm.DrmSession.State">
    <annotation name="android.support.annotation.IntDef">
      <val name="value" val="{com.google.android.exoplayer2.drm.DrmSession.STATE_RELEASED, com.google.android.exoplayer2.drm.DrmSession.STATE_ERROR, com.google.android.exoplayer2.drm.DrmSession.STATE_OPENING, com.google.android.exoplayer2.drm.DrmSession.STATE_OPENED, com.google.android.exoplayer2.drm.DrmSession.STATE_OPENED_WITH_KEYS}" />
    </annotation>
  </item>
  <item name="com.google.android.exoplayer2.drm.OfflineLicenseHelper byte[] blockingKeyRequest(int, byte[], com.google.android.exoplayer2.drm.DrmInitData) 0">
    <annotation name="android.support.annotation.IntDef">
      <val name="value" val="{com.google.android.exoplayer2.drm.DefaultDrmSessionManager.MODE_PLAYBACK, com.google.android.exoplayer2.drm.DefaultDrmSessionManager.MODE_QUERY, com.google.android.exoplayer2.drm.DefaultDrmSessionManager.MODE_DOWNLOAD, com.google.android.exoplayer2.drm.DefaultDrmSessionManager.MODE_RELEASE}" />
    </annotation>
  </item>
  <item name="com.google.android.exoplayer2.drm.OfflineLicenseHelper com.google.android.exoplayer2.drm.DrmSession&lt;T&gt; openBlockingKeyRequest(int, byte[], com.google.android.exoplayer2.drm.DrmInitData) 0">
    <annotation name="android.support.annotation.IntDef">
      <val name="value" val="{com.google.android.exoplayer2.drm.DefaultDrmSessionManager.MODE_PLAYBACK, com.google.android.exoplayer2.drm.DefaultDrmSessionManager.MODE_QUERY, com.google.android.exoplayer2.drm.DefaultDrmSessionManager.MODE_DOWNLOAD, com.google.android.exoplayer2.drm.DefaultDrmSessionManager.MODE_RELEASE}" />
    </annotation>
  </item>
  <item name="com.google.android.exoplayer2.drm.UnsupportedDrmException UnsupportedDrmException(int) 0">
    <annotation name="android.support.annotation.IntDef">
      <val name="value" val="{com.google.android.exoplayer2.drm.UnsupportedDrmException.REASON_UNSUPPORTED_SCHEME, com.google.android.exoplayer2.drm.UnsupportedDrmException.REASON_INSTANTIATION_ERROR}" />
    </annotation>
  </item>
  <item name="com.google.android.exoplayer2.drm.UnsupportedDrmException UnsupportedDrmException(int, java.lang.Exception) 0">
    <annotation name="android.support.annotation.IntDef">
      <val name="value" val="{com.google.android.exoplayer2.drm.UnsupportedDrmException.REASON_UNSUPPORTED_SCHEME, com.google.android.exoplayer2.drm.UnsupportedDrmException.REASON_INSTANTIATION_ERROR}" />
    </annotation>
  </item>
  <item name="com.google.android.exoplayer2.drm.UnsupportedDrmException reason">
    <annotation name="android.support.annotation.IntDef">
      <val name="value" val="{com.google.android.exoplayer2.drm.UnsupportedDrmException.REASON_UNSUPPORTED_SCHEME, com.google.android.exoplayer2.drm.UnsupportedDrmException.REASON_INSTANTIATION_ERROR}" />
    </annotation>
  </item>
  <item name="com.google.android.exoplayer2.drm.UnsupportedDrmException.Reason">
    <annotation name="android.support.annotation.IntDef">
      <val name="value" val="{com.google.android.exoplayer2.drm.UnsupportedDrmException.REASON_UNSUPPORTED_SCHEME, com.google.android.exoplayer2.drm.UnsupportedDrmException.REASON_INSTANTIATION_ERROR}" />
    </annotation>
  </item>
</root>

