<?xml version="1.0" encoding="UTF-8"?>
<root>
  <item name="com.google.android.exoplayer2.audio.AudioAttributes AudioAttributes(int, int, int) 0">
    <annotation name="android.support.annotation.IntDef">
      <val name="value" val="{com.google.android.exoplayer2.C.CONTENT_TYPE_MOVIE, com.google.android.exoplayer2.C.CONTENT_TYPE_MUSIC, com.google.android.exoplayer2.C.CONTENT_TYPE_SONIFICATION, com.google.android.exoplayer2.C.CONTENT_TYPE_SPEECH, com.google.android.exoplayer2.C.CONTENT_TYPE_UNKNOWN}" />
    </annotation>
  </item>
  <item name="com.google.android.exoplayer2.audio.AudioAttributes AudioAttributes(int, int, int) 1">
    <annotation name="android.support.annotation.IntDef">
      <val name="flag" val="true" />
      <val name="value" val="{com.google.android.exoplayer2.C.FLAG_AUDIBILITY_ENFORCED}" />
    </annotation>
  </item>
  <item name="com.google.android.exoplayer2.audio.AudioAttributes AudioAttributes(int, int, int) 2">
    <annotation name="android.support.annotation.IntDef">
      <val name="value" val="{com.google.android.exoplayer2.C.USAGE_ALARM, com.google.android.exoplayer2.C.USAGE_ASSISTANCE_ACCESSIBILITY, com.google.android.exoplayer2.C.USAGE_ASSISTANCE_NAVIGATION_GUIDANCE, com.google.android.exoplayer2.C.USAGE_ASSISTANCE_SONIFICATION, com.google.android.exoplayer2.C.USAGE_GAME, com.google.android.exoplayer2.C.USAGE_MEDIA, com.google.android.exoplayer2.C.USAGE_NOTIFICATION, com.google.android.exoplayer2.C.USAGE_NOTIFICATION_COMMUNICATION_DELAYED, com.google.android.exoplayer2.C.USAGE_NOTIFICATION_COMMUNICATION_INSTANT, com.google.android.exoplayer2.C.USAGE_NOTIFICATION_COMMUNICATION_REQUEST, com.google.android.exoplayer2.C.USAGE_NOTIFICATION_EVENT, com.google.android.exoplayer2.C.USAGE_NOTIFICATION_RINGTONE, com.google.android.exoplayer2.C.USAGE_UNKNOWN, com.google.android.exoplayer2.C.USAGE_VOICE_COMMUNICATION, com.google.android.exoplayer2.C.USAGE_VOICE_COMMUNICATION_SIGNALLING}" />
    </annotation>
  </item>
  <item name="com.google.android.exoplayer2.audio.AudioAttributes contentType">
    <annotation name="android.support.annotation.IntDef">
      <val name="value" val="{com.google.android.exoplayer2.C.CONTENT_TYPE_MOVIE, com.google.android.exoplayer2.C.CONTENT_TYPE_MUSIC, com.google.android.exoplayer2.C.CONTENT_TYPE_SONIFICATION, com.google.android.exoplayer2.C.CONTENT_TYPE_SPEECH, com.google.android.exoplayer2.C.CONTENT_TYPE_UNKNOWN}" />
    </annotation>
  </item>
  <item name="com.google.android.exoplayer2.audio.AudioAttributes flags">
    <annotation name="android.support.annotation.IntDef">
      <val name="flag" val="true" />
      <val name="value" val="{com.google.android.exoplayer2.C.FLAG_AUDIBILITY_ENFORCED}" />
    </annotation>
  </item>
  <item name="com.google.android.exoplayer2.audio.AudioAttributes usage">
    <annotation name="android.support.annotation.IntDef">
      <val name="value" val="{com.google.android.exoplayer2.C.USAGE_ALARM, com.google.android.exoplayer2.C.USAGE_ASSISTANCE_ACCESSIBILITY, com.google.android.exoplayer2.C.USAGE_ASSISTANCE_NAVIGATION_GUIDANCE, com.google.android.exoplayer2.C.USAGE_ASSISTANCE_SONIFICATION, com.google.android.exoplayer2.C.USAGE_GAME, com.google.android.exoplayer2.C.USAGE_MEDIA, com.google.android.exoplayer2.C.USAGE_NOTIFICATION, com.google.android.exoplayer2.C.USAGE_NOTIFICATION_COMMUNICATION_DELAYED, com.google.android.exoplayer2.C.USAGE_NOTIFICATION_COMMUNICATION_INSTANT, com.google.android.exoplayer2.C.USAGE_NOTIFICATION_COMMUNICATION_REQUEST, com.google.android.exoplayer2.C.USAGE_NOTIFICATION_EVENT, com.google.android.exoplayer2.C.USAGE_NOTIFICATION_RINGTONE, com.google.android.exoplayer2.C.USAGE_UNKNOWN, com.google.android.exoplayer2.C.USAGE_VOICE_COMMUNICATION, com.google.android.exoplayer2.C.USAGE_VOICE_COMMUNICATION_SIGNALLING}" />
    </annotation>
  </item>
  <item name="com.google.android.exoplayer2.audio.AudioAttributes.Builder com.google.android.exoplayer2.audio.AudioAttributes.Builder setContentType(int) 0">
    <annotation name="android.support.annotation.IntDef">
      <val name="value" val="{com.google.android.exoplayer2.C.CONTENT_TYPE_MOVIE, com.google.android.exoplayer2.C.CONTENT_TYPE_MUSIC, com.google.android.exoplayer2.C.CONTENT_TYPE_SONIFICATION, com.google.android.exoplayer2.C.CONTENT_TYPE_SPEECH, com.google.android.exoplayer2.C.CONTENT_TYPE_UNKNOWN}" />
    </annotation>
  </item>
  <item name="com.google.android.exoplayer2.audio.AudioAttributes.Builder com.google.android.exoplayer2.audio.AudioAttributes.Builder setFlags(int) 0">
    <annotation name="android.support.annotation.IntDef">
      <val name="flag" val="true" />
      <val name="value" val="{com.google.android.exoplayer2.C.FLAG_AUDIBILITY_ENFORCED}" />
    </annotation>
  </item>
  <item name="com.google.android.exoplayer2.audio.AudioAttributes.Builder com.google.android.exoplayer2.audio.AudioAttributes.Builder setUsage(int) 0">
    <annotation name="android.support.annotation.IntDef">
      <val name="value" val="{com.google.android.exoplayer2.C.USAGE_ALARM, com.google.android.exoplayer2.C.USAGE_ASSISTANCE_ACCESSIBILITY, com.google.android.exoplayer2.C.USAGE_ASSISTANCE_NAVIGATION_GUIDANCE, com.google.android.exoplayer2.C.USAGE_ASSISTANCE_SONIFICATION, com.google.android.exoplayer2.C.USAGE_GAME, com.google.android.exoplayer2.C.USAGE_MEDIA, com.google.android.exoplayer2.C.USAGE_NOTIFICATION, com.google.android.exoplayer2.C.USAGE_NOTIFICATION_COMMUNICATION_DELAYED, com.google.android.exoplayer2.C.USAGE_NOTIFICATION_COMMUNICATION_INSTANT, com.google.android.exoplayer2.C.USAGE_NOTIFICATION_COMMUNICATION_REQUEST, com.google.android.exoplayer2.C.USAGE_NOTIFICATION_EVENT, com.google.android.exoplayer2.C.USAGE_NOTIFICATION_RINGTONE, com.google.android.exoplayer2.C.USAGE_UNKNOWN, com.google.android.exoplayer2.C.USAGE_VOICE_COMMUNICATION, com.google.android.exoplayer2.C.USAGE_VOICE_COMMUNICATION_SIGNALLING}" />
    </annotation>
  </item>
  <item name="com.google.android.exoplayer2.audio.AudioAttributes.Builder contentType">
    <annotation name="android.support.annotation.IntDef">
      <val name="value" val="{com.google.android.exoplayer2.C.CONTENT_TYPE_MOVIE, com.google.android.exoplayer2.C.CONTENT_TYPE_MUSIC, com.google.android.exoplayer2.C.CONTENT_TYPE_SONIFICATION, com.google.android.exoplayer2.C.CONTENT_TYPE_SPEECH, com.google.android.exoplayer2.C.CONTENT_TYPE_UNKNOWN}" />
    </annotation>
  </item>
  <item name="com.google.android.exoplayer2.audio.AudioAttributes.Builder flags">
    <annotation name="android.support.annotation.IntDef">
      <val name="flag" val="true" />
      <val name="value" val="{com.google.android.exoplayer2.C.FLAG_AUDIBILITY_ENFORCED}" />
    </annotation>
  </item>
  <item name="com.google.android.exoplayer2.audio.AudioAttributes.Builder usage">
    <annotation name="android.support.annotation.IntDef">
      <val name="value" val="{com.google.android.exoplayer2.C.USAGE_ALARM, com.google.android.exoplayer2.C.USAGE_ASSISTANCE_ACCESSIBILITY, com.google.android.exoplayer2.C.USAGE_ASSISTANCE_NAVIGATION_GUIDANCE, com.google.android.exoplayer2.C.USAGE_ASSISTANCE_SONIFICATION, com.google.android.exoplayer2.C.USAGE_GAME, com.google.android.exoplayer2.C.USAGE_MEDIA, com.google.android.exoplayer2.C.USAGE_NOTIFICATION, com.google.android.exoplayer2.C.USAGE_NOTIFICATION_COMMUNICATION_DELAYED, com.google.android.exoplayer2.C.USAGE_NOTIFICATION_COMMUNICATION_INSTANT, com.google.android.exoplayer2.C.USAGE_NOTIFICATION_COMMUNICATION_REQUEST, com.google.android.exoplayer2.C.USAGE_NOTIFICATION_EVENT, com.google.android.exoplayer2.C.USAGE_NOTIFICATION_RINGTONE, com.google.android.exoplayer2.C.USAGE_UNKNOWN, com.google.android.exoplayer2.C.USAGE_VOICE_COMMUNICATION, com.google.android.exoplayer2.C.USAGE_VOICE_COMMUNICATION_SIGNALLING}" />
    </annotation>
  </item>
  <item name="com.google.android.exoplayer2.audio.AudioProcessor boolean configure(int, int, int) 2">
    <annotation name="android.support.annotation.IntDef">
      <val name="value" val="{com.google.android.exoplayer2.Format.NO_VALUE, com.google.android.exoplayer2.C.ENCODING_INVALID, com.google.android.exoplayer2.C.ENCODING_PCM_8BIT, com.google.android.exoplayer2.C.ENCODING_PCM_16BIT, com.google.android.exoplayer2.C.ENCODING_PCM_24BIT, com.google.android.exoplayer2.C.ENCODING_PCM_32BIT, com.google.android.exoplayer2.C.ENCODING_AC3, com.google.android.exoplayer2.C.ENCODING_E_AC3, com.google.android.exoplayer2.C.ENCODING_DTS, com.google.android.exoplayer2.C.ENCODING_DTS_HD}" />
    </annotation>
  </item>
  <item name="com.google.android.exoplayer2.audio.AudioProcessor int getOutputEncoding()">
    <annotation name="android.support.annotation.IntDef">
      <val name="value" val="{com.google.android.exoplayer2.Format.NO_VALUE, com.google.android.exoplayer2.C.ENCODING_INVALID, com.google.android.exoplayer2.C.ENCODING_PCM_8BIT, com.google.android.exoplayer2.C.ENCODING_PCM_16BIT, com.google.android.exoplayer2.C.ENCODING_PCM_24BIT, com.google.android.exoplayer2.C.ENCODING_PCM_32BIT, com.google.android.exoplayer2.C.ENCODING_AC3, com.google.android.exoplayer2.C.ENCODING_E_AC3, com.google.android.exoplayer2.C.ENCODING_DTS, com.google.android.exoplayer2.C.ENCODING_DTS_HD}" />
    </annotation>
  </item>
  <item name="com.google.android.exoplayer2.audio.AudioProcessor.UnhandledFormatException UnhandledFormatException(int, int, int) 2">
    <annotation name="android.support.annotation.IntDef">
      <val name="value" val="{com.google.android.exoplayer2.Format.NO_VALUE, com.google.android.exoplayer2.C.ENCODING_INVALID, com.google.android.exoplayer2.C.ENCODING_PCM_8BIT, com.google.android.exoplayer2.C.ENCODING_PCM_16BIT, com.google.android.exoplayer2.C.ENCODING_PCM_24BIT, com.google.android.exoplayer2.C.ENCODING_PCM_32BIT, com.google.android.exoplayer2.C.ENCODING_AC3, com.google.android.exoplayer2.C.ENCODING_E_AC3, com.google.android.exoplayer2.C.ENCODING_DTS, com.google.android.exoplayer2.C.ENCODING_DTS_HD}" />
    </annotation>
  </item>
  <item name="com.google.android.exoplayer2.audio.AudioTrack encoding">
    <annotation name="android.support.annotation.IntDef">
      <val name="value" val="{com.google.android.exoplayer2.Format.NO_VALUE, com.google.android.exoplayer2.C.ENCODING_INVALID, com.google.android.exoplayer2.C.ENCODING_PCM_8BIT, com.google.android.exoplayer2.C.ENCODING_PCM_16BIT, com.google.android.exoplayer2.C.ENCODING_PCM_24BIT, com.google.android.exoplayer2.C.ENCODING_PCM_32BIT, com.google.android.exoplayer2.C.ENCODING_AC3, com.google.android.exoplayer2.C.ENCODING_E_AC3, com.google.android.exoplayer2.C.ENCODING_DTS, com.google.android.exoplayer2.C.ENCODING_DTS_HD}" />
    </annotation>
  </item>
  <item name="com.google.android.exoplayer2.audio.AudioTrack int getEncodingForMimeType(java.lang.String)">
    <annotation name="android.support.annotation.IntDef">
      <val name="value" val="{com.google.android.exoplayer2.Format.NO_VALUE, com.google.android.exoplayer2.C.ENCODING_INVALID, com.google.android.exoplayer2.C.ENCODING_PCM_8BIT, com.google.android.exoplayer2.C.ENCODING_PCM_16BIT, com.google.android.exoplayer2.C.ENCODING_PCM_24BIT, com.google.android.exoplayer2.C.ENCODING_PCM_32BIT, com.google.android.exoplayer2.C.ENCODING_AC3, com.google.android.exoplayer2.C.ENCODING_E_AC3, com.google.android.exoplayer2.C.ENCODING_DTS, com.google.android.exoplayer2.C.ENCODING_DTS_HD}" />
    </annotation>
  </item>
  <item name="com.google.android.exoplayer2.audio.AudioTrack int getFramesPerEncodedSample(int, java.nio.ByteBuffer) 0">
    <annotation name="android.support.annotation.IntDef">
      <val name="value" val="{com.google.android.exoplayer2.Format.NO_VALUE, com.google.android.exoplayer2.C.ENCODING_INVALID, com.google.android.exoplayer2.C.ENCODING_PCM_8BIT, com.google.android.exoplayer2.C.ENCODING_PCM_16BIT, com.google.android.exoplayer2.C.ENCODING_PCM_24BIT, com.google.android.exoplayer2.C.ENCODING_PCM_32BIT, com.google.android.exoplayer2.C.ENCODING_AC3, com.google.android.exoplayer2.C.ENCODING_E_AC3, com.google.android.exoplayer2.C.ENCODING_DTS, com.google.android.exoplayer2.C.ENCODING_DTS_HD}" />
    </annotation>
  </item>
  <item name="com.google.android.exoplayer2.audio.AudioTrack outputEncoding">
    <annotation name="android.support.annotation.IntDef">
      <val name="value" val="{com.google.android.exoplayer2.Format.NO_VALUE, com.google.android.exoplayer2.C.ENCODING_INVALID, com.google.android.exoplayer2.C.ENCODING_PCM_8BIT, com.google.android.exoplayer2.C.ENCODING_PCM_16BIT, com.google.android.exoplayer2.C.ENCODING_PCM_24BIT, com.google.android.exoplayer2.C.ENCODING_PCM_32BIT, com.google.android.exoplayer2.C.ENCODING_AC3, com.google.android.exoplayer2.C.ENCODING_E_AC3, com.google.android.exoplayer2.C.ENCODING_DTS, com.google.android.exoplayer2.C.ENCODING_DTS_HD}" />
    </annotation>
  </item>
  <item name="com.google.android.exoplayer2.audio.AudioTrack void configure(java.lang.String, int, int, int, int) 3">
    <annotation name="android.support.annotation.IntDef">
      <val name="value" val="{com.google.android.exoplayer2.Format.NO_VALUE, com.google.android.exoplayer2.C.ENCODING_INVALID, com.google.android.exoplayer2.C.ENCODING_PCM_8BIT, com.google.android.exoplayer2.C.ENCODING_PCM_16BIT, com.google.android.exoplayer2.C.ENCODING_PCM_24BIT, com.google.android.exoplayer2.C.ENCODING_PCM_32BIT}" />
    </annotation>
  </item>
  <item name="com.google.android.exoplayer2.audio.AudioTrack void configure(java.lang.String, int, int, int, int, int[]) 3">
    <annotation name="android.support.annotation.IntDef">
      <val name="value" val="{com.google.android.exoplayer2.Format.NO_VALUE, com.google.android.exoplayer2.C.ENCODING_INVALID, com.google.android.exoplayer2.C.ENCODING_PCM_8BIT, com.google.android.exoplayer2.C.ENCODING_PCM_16BIT, com.google.android.exoplayer2.C.ENCODING_PCM_24BIT, com.google.android.exoplayer2.C.ENCODING_PCM_32BIT}" />
    </annotation>
  </item>
  <item name="com.google.android.exoplayer2.audio.ChannelMappingAudioProcessor boolean configure(int, int, int) 2">
    <annotation name="android.support.annotation.IntDef">
      <val name="value" val="{com.google.android.exoplayer2.Format.NO_VALUE, com.google.android.exoplayer2.C.ENCODING_INVALID, com.google.android.exoplayer2.C.ENCODING_PCM_8BIT, com.google.android.exoplayer2.C.ENCODING_PCM_16BIT, com.google.android.exoplayer2.C.ENCODING_PCM_24BIT, com.google.android.exoplayer2.C.ENCODING_PCM_32BIT, com.google.android.exoplayer2.C.ENCODING_AC3, com.google.android.exoplayer2.C.ENCODING_E_AC3, com.google.android.exoplayer2.C.ENCODING_DTS, com.google.android.exoplayer2.C.ENCODING_DTS_HD}" />
    </annotation>
  </item>
  <item name="com.google.android.exoplayer2.audio.ResamplingAudioProcessor boolean configure(int, int, int) 2">
    <annotation name="android.support.annotation.IntDef">
      <val name="value" val="{com.google.android.exoplayer2.Format.NO_VALUE, com.google.android.exoplayer2.C.ENCODING_INVALID, com.google.android.exoplayer2.C.ENCODING_PCM_8BIT, com.google.android.exoplayer2.C.ENCODING_PCM_16BIT, com.google.android.exoplayer2.C.ENCODING_PCM_24BIT, com.google.android.exoplayer2.C.ENCODING_PCM_32BIT, com.google.android.exoplayer2.C.ENCODING_AC3, com.google.android.exoplayer2.C.ENCODING_E_AC3, com.google.android.exoplayer2.C.ENCODING_DTS, com.google.android.exoplayer2.C.ENCODING_DTS_HD}" />
    </annotation>
  </item>
  <item name="com.google.android.exoplayer2.audio.ResamplingAudioProcessor encoding">
    <annotation name="android.support.annotation.IntDef">
      <val name="value" val="{com.google.android.exoplayer2.Format.NO_VALUE, com.google.android.exoplayer2.C.ENCODING_INVALID, com.google.android.exoplayer2.C.ENCODING_PCM_8BIT, com.google.android.exoplayer2.C.ENCODING_PCM_16BIT, com.google.android.exoplayer2.C.ENCODING_PCM_24BIT, com.google.android.exoplayer2.C.ENCODING_PCM_32BIT}" />
    </annotation>
  </item>
  <item name="com.google.android.exoplayer2.audio.SimpleDecoderAudioRenderer decoderReinitializationState">
    <annotation name="android.support.annotation.IntDef">
      <val name="value" val="{com.google.android.exoplayer2.audio.SimpleDecoderAudioRenderer.REINITIALIZATION_STATE_NONE, com.google.android.exoplayer2.audio.SimpleDecoderAudioRenderer.REINITIALIZATION_STATE_SIGNAL_END_OF_STREAM, com.google.android.exoplayer2.audio.SimpleDecoderAudioRenderer.REINITIALIZATION_STATE_WAIT_END_OF_STREAM}" />
    </annotation>
  </item>
  <item name="com.google.android.exoplayer2.audio.SonicAudioProcessor boolean configure(int, int, int) 2">
    <annotation name="android.support.annotation.IntDef">
      <val name="value" val="{com.google.android.exoplayer2.Format.NO_VALUE, com.google.android.exoplayer2.C.ENCODING_INVALID, com.google.android.exoplayer2.C.ENCODING_PCM_8BIT, com.google.android.exoplayer2.C.ENCODING_PCM_16BIT, com.google.android.exoplayer2.C.ENCODING_PCM_24BIT, com.google.android.exoplayer2.C.ENCODING_PCM_32BIT, com.google.android.exoplayer2.C.ENCODING_AC3, com.google.android.exoplayer2.C.ENCODING_E_AC3, com.google.android.exoplayer2.C.ENCODING_DTS, com.google.android.exoplayer2.C.ENCODING_DTS_HD}" />
    </annotation>
  </item>
</root>

