<?xml version="1.0" encoding="UTF-8"?>
<root>
  <item name="com.google.android.exoplayer2.util.RepeatModeUtil boolean isRepeatModeEnabled(int, int) 0">
    <annotation name="android.support.annotation.IntDef">
      <val name="value" val="{com.google.android.exoplayer2.Player.REPEAT_MODE_OFF, com.google.android.exoplayer2.Player.REPEAT_MODE_ONE, com.google.android.exoplayer2.Player.REPEAT_MODE_ALL}" />
    </annotation>
  </item>
  <item name="com.google.android.exoplayer2.util.RepeatModeUtil int getNextRepeatMode(int, int)">
    <annotation name="android.support.annotation.IntDef">
      <val name="value" val="{com.google.android.exoplayer2.Player.REPEAT_MODE_OFF, com.google.android.exoplayer2.Player.REPEAT_MODE_ONE, com.google.android.exoplayer2.Player.REPEAT_MODE_ALL}" />
    </annotation>
  </item>
  <item name="com.google.android.exoplayer2.util.RepeatModeUtil int getNextRepeatMode(int, int) 0">
    <annotation name="android.support.annotation.IntDef">
      <val name="value" val="{com.google.android.exoplayer2.Player.REPEAT_MODE_OFF, com.google.android.exoplayer2.Player.REPEAT_MODE_ONE, com.google.android.exoplayer2.Player.REPEAT_MODE_ALL}" />
    </annotation>
  </item>
  <item name="com.google.android.exoplayer2.util.RepeatModeUtil.RepeatToggleModes">
    <annotation name="android.support.annotation.IntDef">
      <val name="flag" val="true" />
      <val name="value" val="{com.google.android.exoplayer2.util.RepeatModeUtil.REPEAT_TOGGLE_MODE_NONE, com.google.android.exoplayer2.util.RepeatModeUtil.REPEAT_TOGGLE_MODE_ONE, com.google.android.exoplayer2.util.RepeatModeUtil.REPEAT_TOGGLE_MODE_ALL}" />
    </annotation>
  </item>
  <item name="com.google.android.exoplayer2.util.Util int getAudioContentTypeForStreamType(int)">
    <annotation name="android.support.annotation.IntDef">
      <val name="value" val="{com.google.android.exoplayer2.C.CONTENT_TYPE_MOVIE, com.google.android.exoplayer2.C.CONTENT_TYPE_MUSIC, com.google.android.exoplayer2.C.CONTENT_TYPE_SONIFICATION, com.google.android.exoplayer2.C.CONTENT_TYPE_SPEECH, com.google.android.exoplayer2.C.CONTENT_TYPE_UNKNOWN}" />
    </annotation>
  </item>
  <item name="com.google.android.exoplayer2.util.Util int getAudioContentTypeForStreamType(int) 0">
    <annotation name="android.support.annotation.IntDef">
      <val name="value" val="{com.google.android.exoplayer2.C.STREAM_TYPE_ALARM, com.google.android.exoplayer2.C.STREAM_TYPE_DTMF, com.google.android.exoplayer2.C.STREAM_TYPE_MUSIC, com.google.android.exoplayer2.C.STREAM_TYPE_NOTIFICATION, com.google.android.exoplayer2.C.STREAM_TYPE_RING, com.google.android.exoplayer2.C.STREAM_TYPE_SYSTEM, com.google.android.exoplayer2.C.STREAM_TYPE_VOICE_CALL, com.google.android.exoplayer2.C.STREAM_TYPE_USE_DEFAULT}" />
    </annotation>
  </item>
  <item name="com.google.android.exoplayer2.util.Util int getAudioUsageForStreamType(int)">
    <annotation name="android.support.annotation.IntDef">
      <val name="value" val="{com.google.android.exoplayer2.C.USAGE_ALARM, com.google.android.exoplayer2.C.USAGE_ASSISTANCE_ACCESSIBILITY, com.google.android.exoplayer2.C.USAGE_ASSISTANCE_NAVIGATION_GUIDANCE, com.google.android.exoplayer2.C.USAGE_ASSISTANCE_SONIFICATION, com.google.android.exoplayer2.C.USAGE_GAME, com.google.android.exoplayer2.C.USAGE_MEDIA, com.google.android.exoplayer2.C.USAGE_NOTIFICATION, com.google.android.exoplayer2.C.USAGE_NOTIFICATION_COMMUNICATION_DELAYED, com.google.android.exoplayer2.C.USAGE_NOTIFICATION_COMMUNICATION_INSTANT, com.google.android.exoplayer2.C.USAGE_NOTIFICATION_COMMUNICATION_REQUEST, com.google.android.exoplayer2.C.USAGE_NOTIFICATION_EVENT, com.google.android.exoplayer2.C.USAGE_NOTIFICATION_RINGTONE, com.google.android.exoplayer2.C.USAGE_UNKNOWN, com.google.android.exoplayer2.C.USAGE_VOICE_COMMUNICATION, com.google.android.exoplayer2.C.USAGE_VOICE_COMMUNICATION_SIGNALLING}" />
    </annotation>
  </item>
  <item name="com.google.android.exoplayer2.util.Util int getAudioUsageForStreamType(int) 0">
    <annotation name="android.support.annotation.IntDef">
      <val name="value" val="{com.google.android.exoplayer2.C.STREAM_TYPE_ALARM, com.google.android.exoplayer2.C.STREAM_TYPE_DTMF, com.google.android.exoplayer2.C.STREAM_TYPE_MUSIC, com.google.android.exoplayer2.C.STREAM_TYPE_NOTIFICATION, com.google.android.exoplayer2.C.STREAM_TYPE_RING, com.google.android.exoplayer2.C.STREAM_TYPE_SYSTEM, com.google.android.exoplayer2.C.STREAM_TYPE_VOICE_CALL, com.google.android.exoplayer2.C.STREAM_TYPE_USE_DEFAULT}" />
    </annotation>
  </item>
  <item name="com.google.android.exoplayer2.util.Util int getPcmEncoding(int)">
    <annotation name="android.support.annotation.IntDef">
      <val name="value" val="{com.google.android.exoplayer2.Format.NO_VALUE, com.google.android.exoplayer2.C.ENCODING_INVALID, com.google.android.exoplayer2.C.ENCODING_PCM_8BIT, com.google.android.exoplayer2.C.ENCODING_PCM_16BIT, com.google.android.exoplayer2.C.ENCODING_PCM_24BIT, com.google.android.exoplayer2.C.ENCODING_PCM_32BIT}" />
    </annotation>
  </item>
  <item name="com.google.android.exoplayer2.util.Util int getPcmFrameSize(int, int) 0">
    <annotation name="android.support.annotation.IntDef">
      <val name="value" val="{com.google.android.exoplayer2.Format.NO_VALUE, com.google.android.exoplayer2.C.ENCODING_INVALID, com.google.android.exoplayer2.C.ENCODING_PCM_8BIT, com.google.android.exoplayer2.C.ENCODING_PCM_16BIT, com.google.android.exoplayer2.C.ENCODING_PCM_24BIT, com.google.android.exoplayer2.C.ENCODING_PCM_32BIT}" />
    </annotation>
  </item>
  <item name="com.google.android.exoplayer2.util.Util int getStreamTypeForAudioUsage(int)">
    <annotation name="android.support.annotation.IntDef">
      <val name="value" val="{com.google.android.exoplayer2.C.STREAM_TYPE_ALARM, com.google.android.exoplayer2.C.STREAM_TYPE_DTMF, com.google.android.exoplayer2.C.STREAM_TYPE_MUSIC, com.google.android.exoplayer2.C.STREAM_TYPE_NOTIFICATION, com.google.android.exoplayer2.C.STREAM_TYPE_RING, com.google.android.exoplayer2.C.STREAM_TYPE_SYSTEM, com.google.android.exoplayer2.C.STREAM_TYPE_VOICE_CALL, com.google.android.exoplayer2.C.STREAM_TYPE_USE_DEFAULT}" />
    </annotation>
  </item>
  <item name="com.google.android.exoplayer2.util.Util int getStreamTypeForAudioUsage(int) 0">
    <annotation name="android.support.annotation.IntDef">
      <val name="value" val="{com.google.android.exoplayer2.C.USAGE_ALARM, com.google.android.exoplayer2.C.USAGE_ASSISTANCE_ACCESSIBILITY, com.google.android.exoplayer2.C.USAGE_ASSISTANCE_NAVIGATION_GUIDANCE, com.google.android.exoplayer2.C.USAGE_ASSISTANCE_SONIFICATION, com.google.android.exoplayer2.C.USAGE_GAME, com.google.android.exoplayer2.C.USAGE_MEDIA, com.google.android.exoplayer2.C.USAGE_NOTIFICATION, com.google.android.exoplayer2.C.USAGE_NOTIFICATION_COMMUNICATION_DELAYED, com.google.android.exoplayer2.C.USAGE_NOTIFICATION_COMMUNICATION_INSTANT, com.google.android.exoplayer2.C.USAGE_NOTIFICATION_COMMUNICATION_REQUEST, com.google.android.exoplayer2.C.USAGE_NOTIFICATION_EVENT, com.google.android.exoplayer2.C.USAGE_NOTIFICATION_RINGTONE, com.google.android.exoplayer2.C.USAGE_UNKNOWN, com.google.android.exoplayer2.C.USAGE_VOICE_COMMUNICATION, com.google.android.exoplayer2.C.USAGE_VOICE_COMMUNICATION_SIGNALLING}" />
    </annotation>
  </item>
  <item name="com.google.android.exoplayer2.util.Util int inferContentType(android.net.Uri)">
    <annotation name="android.support.annotation.IntDef">
      <val name="value" val="{com.google.android.exoplayer2.C.TYPE_DASH, com.google.android.exoplayer2.C.TYPE_SS, com.google.android.exoplayer2.C.TYPE_HLS, com.google.android.exoplayer2.C.TYPE_OTHER}" />
    </annotation>
  </item>
  <item name="com.google.android.exoplayer2.util.Util int inferContentType(java.lang.String)">
    <annotation name="android.support.annotation.IntDef">
      <val name="value" val="{com.google.android.exoplayer2.C.TYPE_DASH, com.google.android.exoplayer2.C.TYPE_SS, com.google.android.exoplayer2.C.TYPE_HLS, com.google.android.exoplayer2.C.TYPE_OTHER}" />
    </annotation>
  </item>
</root>

